sequence,binding_energy,pH,temperature,solvent
ACDKFGHILMNPQRSTVWY,-8.45,7.4,25.0,water
LKGDRVFIMHQSTNWYPEA,-7.92,7.4,25.0,water
YQSTNWGDRVFIMHKPLAE,-9.31,7.4,25.0,water
MHKPLAEQSTNWGDRVFIY,-6.78,7.4,25.0,water
RVFIYSTNWGDMHKPLAEQ,-10.25,7.4,25.0,water
GKMQHDRTSAEVWPYINLF,-5.63,7.4,25.0,water
INLFGKMQHDRTSAEVWPY,-8.17,7.4,25.0,water
SAEVWPYINLFGKMQHDRT,-7.49,7.4,25.0,water
QHDRTSAEVWPYINLFGKM,-9.82,7.4,25.0,water
WPYINLFGKMQHDRTSAEV,-6.35,7.4,25.0,water
AAKGDRVFIMHQSTNWYPL,-8.73,7.4,25.0,water
YQSTNWGDRVFIMHKPLAA,-9.56,7.4,25.0,water
MHKPLAEQSTNWGDRVFIA,-7.21,7.4,25.0,water
RVFIYSTNWGDMHKPLAAQ,-10.05,7.4,25.0,water
GKMQHDRTSAEVWPYINLA,-6.12,7.4,25.0,water
INLAGKMQHDRTSAEVWPY,-8.89,7.4,25.0,water
SAEVWPYINLAGKMQHDRT,-7.67,7.4,25.0,water
QHDRTSAEVWPYINLAGKM,-9.43,7.4,25.0,water
WPYINLAGKMQHDRTSAEV,-6.98,7.4,25.0,water
DDKGDRVFIMHQSTNWYPL,-9.12,7.4,25.0,water
YQSTNWGDRVFIMHKPLDD,-10.34,7.4,25.0,water
MHKPLDDQSTNWGDRVFID,-8.05,7.4,25.0,water
RVFIYSTNWGDMHKPLADD,-11.27,7.4,25.0,water
GKMQHDRTSAEVWPYINLD,-7.18,7.4,25.0,water
INLDGKMQHDRTSAEVWPY,-9.76,7.4,25.0,water
SAEVWPYINLDGKMQHDRT,-8.43,7.4,25.0,water
QHDRTSAEVWPYINLDGKM,-10.67,7.4,25.0,water
WPYINLDGKMQHDRTSAEV,-7.89,7.4,25.0,water
EEKGDRVFIMHQSTNWYPL,-8.32,7.4,25.0,water
YQSTNWGDRVFIMHKPLEE,-9.87,7.4,25.0,water
MHKPLEEQSTNWGDRVFIE,-7.54,7.4,25.0,water
RVFIYSTNWGDMHKPLAEE,-10.76,7.4,25.0,water
GKMQHDRTSAEVWPYINLE,-6.43,7.4,25.0,water
INLEGKMQHDRTSAEVWPY,-9.21,7.4,25.0,water
SAEVWPYINLEGKMQHDRT,-7.98,7.4,25.0,water
QHDRTSAEVWPYINLEGKM,-10.12,7.4,25.0,water
WPYINLEGKMQHDRTSAEV,-7.23,7.4,25.0,water
FFKGDRVFIMHQSTNWYPL,-9.65,7.4,25.0,water
YQSTNWGDRVFIMHKPLFF,-11.09,7.4,25.0,water
MHKPLFFQSTNWGDRVFIF,-8.76,7.4,25.0,water
RVFIYSTNWGDMHKPLAFF,-12.34,7.4,25.0,water
GKMQHDRTSAEVWPYINLF,-7.87,7.4,25.0,water
INLFGKMQHDRTSAEVWPY,-10.43,7.4,25.0,water
SAEVWPYINLFGKMQHDRT,-9.09,7.4,25.0,water
QHDRTSAEVWPYINLFGKM,-11.56,7.4,25.0,water
WPYINLFGKMQHDRTSAEV,-8.32,7.4,25.0,water
GGKGDRVFIMHQSTNWYPL,-7.65,7.4,25.0,water
YQSTNWGDRVFIMHKPLGG,-8.98,7.4,25.0,water
MHKPLGGQSTNWGDRVFIG,-6.54,7.4,25.0,water
RVFIYSTNWGDMHKPLAGG,-9.87,7.4,25.0,water
GKMQHDRTSAEVWPYINLG,-5.76,7.4,25.0,water
INLGGKMQHDRTSAEVWPY,-8.32,7.4,25.0,water
SAEVWPYINLGGKMQHDRT,-7.09,7.4,25.0,water
QHDRTSAEVWPYINLGGKM,-9.43,7.4,25.0,water
WPYINLGGKMQHDRTSAEV,-6.21,7.4,25.0,water
HHKGDRVFIMHQSTNWYPL,-10.23,7.4,25.0,water
YQSTNWGDRVFIMHKPLHH,-11.76,7.4,25.0,water
MHKPLHHQSTNWGDRVFIH,-9.32,7.4,25.0,water
RVFIYSTNWGDMHKPLAHH,-12.87,7.4,25.0,water
GKMQHDRTSAEVWPYINLH,-8.43,7.4,25.0,water
INLHGKMQHDRTSAEVWPY,-10.98,7.4,25.0,water
SAEVWPYINLHGKMQHDRT,-9.65,7.4,25.0,water
QHDRTSAEVWPYINLHGKM,-12.09,7.4,25.0,water
WPYINLHGKMQHDRTSAEV,-8.76,7.4,25.0,water
IIKGDRVFIMHQSTNWYPL,-8.87,7.4,25.0,water
YQSTNWGDRVFIMHKPLII,-10.32,7.4,25.0,water
MHKPLIIQSTNWGDRVFII,-7.98,7.4,25.0,water
RVFIYSTNWGDMHKPLAII,-11.43,7.4,25.0,water
GKMQHDRTSAEVWPYINLI,-7.09,7.4,25.0,water
INLIGKMQHDRTSAEVWPY,-9.76,7.4,25.0,water
SAEVWPYINLIGKMQHDRT,-8.43,7.4,25.0,water
QHDRTSAEVWPYINLIGKM,-10.87,7.4,25.0,water
WPYINLIGKMQHDRTSAEV,-7.65,7.4,25.0,water
KKGDRVFIMHQSTNWYPLA,-9.43,7.4,25.0,water
YQSTNWGDRVFIMHKPLKK,-10.98,7.4,25.0,water
MHKPLKKQSTNWGDRVFIK,-8.65,7.4,25.0,water
RVFIYSTNWGDMHKPLAKK,-12.09,7.4,25.0,water
GKMQHDRTSAEVWPYINLK,-7.76,7.4,25.0,water
INLKGKMQHDRTSAEVWPY,-10.32,7.4,25.0,water
SAEVWPYINLKGKMQHDRT,-8.98,7.4,25.0,water
QHDRTSAEVWPYINLKGKM,-11.43,7.4,25.0,water
WPYINLKGKMQHDRTSAEV,-8.09,7.4,25.0,water
LLKGDRVFIMHQSTNWYPL,-8.76,7.4,25.0,water
YQSTNWGDRVFIMHKPLLL,-10.21,7.4,25.0,water
MHKPLLLQSTNWGDRVFIL,-7.87,7.4,25.0,water
RVFIYSTNWGDMHKPLALL,-11.32,7.4,25.0,water
GKMQHDRTSAEVWPYINLL,-6.98,7.4,25.0,water
INLLGKMQHDRTSAEVWPY,-9.54,7.4,25.0,water
SAEVWPYINLLGKMQHDRT,-8.21,7.4,25.0,water
QHDRTSAEVWPYINLLGKM,-10.65,7.4,25.0,water
WPYINLLGKMQHDRTSAEV,-7.43,7.4,25.0,water
MMKGDRVFIMHQSTNWYPL,-9.09,7.4,25.0,water
YQSTNWGDRVFIMHKPLMM,-10.54,7.4,25.0,water
MHKPLMMQSTNWGDRVFIM,-8.21,7.4,25.0,water
RVFIYSTNWGDMHKPLAMM,-11.76,7.4,25.0,water
GKMQHDRTSAEVWPYINLM,-7.43,7.4,25.0,water
INLMGKMQHDRTSAEVWPY,-9.98,7.4,25.0,water
SAEVWPYINLMGKMQHDRT,-8.65,7.4,25.0,water
QHDRTSAEVWPYINLMGKM,-11.09,7.4,25.0,water
WPYINLMGKMQHDRTSAEV,-7.87,7.4,25.0,water
NNKGDRVFIMHQSTNWYPL,-8.43,7.4,25.0,water
YQSTNWGDRVFIMHKPLNN,-9.87,7.4,25.0,water
MHKPLNNQSTNWGDRVFIN,-7.54,7.4,25.0,water
RVFIYSTNWGDMHKPLANN,-10.98,7.4,25.0,water
GKMQHDRTSAEVWPYINLN,-6.65,7.4,25.0,water
INLNGKMQHDRTSAEVWPY,-9.21,7.4,25.0,water
SAEVWPYINLNGKMQHDRT,-7.87,7.4,25.0,water
QHDRTSAEVWPYINLNGKM,-10.32,7.4,25.0,water
WPYINLNGKMQHDRTSAEV,-7.09,7.4,25.0,water
